{
  "drug_name": "gg",
  "summary": {
    "overall_insight": "gg shows significant repurposing potential based on recent research and market analysis."
  },
  "clinical_trials": {
    "total_trials": 2,
    "trials_by_disease": {
      "Diabetes Mellitus, Type 1": 1,
      "Caries, Dental": 1
    },
    "key_trials": [
      {
        "title": "Effect of Lactobacillus Rhamnosus GG and Bifidobacterium Lactis BB 12 on Beta-cell Function in Children With Newly Diagnosed Type 1 Diabetes - a Randomized Controlled Trial",
        "phase": "PHASE4",
        "status": "UNKNOWN",
        "year": 2017,
        "url": "https://clinicaltrials.gov/"
      },
      {
        "title": "Effect of Lactobacillus Rhamnosus GG and Bifidobacterium Longum in Children Aged 3 to 5 Years of Villavicencio and Pasto",
        "phase": "NA",
        "status": "COMPLETED",
        "year": 2017,
        "url": "https://clinicaltrials.gov/"
      }
    ],
    "summary": "Rising interest in the therapeutic potential of probiotics beyond gut health, particularly in metabolic disorders like Type 1 Diabetes and oral health conditions such as dental caries, highlighting their role in modulating systemic and local physiological processes."
  },
  "research_papers": {
    "total_papers": 0,
    "key_topics": [
      "Diabetes Mellitus, Type 1",
      "Caries, Dental"
    ],
    "top_papers": [],
    "summary": "Rising interest in the therapeutic potential of probiotics beyond gut health, particularly in metabolic disorders like Type 1 Diabetes and oral health conditions such as dental caries, highlighting their role in modulating systemic and local physiological processes."
  },
  "patents": {
    "total_patents": 0,
    "recent_patents": [],
    "patent_trend": {},
    "summary": "Patent activity suggests growing interest in new applications."
  },
  "market_analysis": {
    "top_indications": [
      {
        "disease": "Diabetes Mellitus, Type 1",
        "market_size_usd_billion": 1.0,
        "competition": "Low",
        "potential_score": 0.37
      },
      {
        "disease": "Caries, Dental",
        "market_size_usd_billion": 1.0,
        "competition": "No major competitors identified",
        "potential_score": 0.22
      }
    ],
    "summary": "Analysis of 2 potential indications completed. See top_indications for details."
  },
  "visualization_data": {
    "charts": {
      "trials_by_disease": {
        "Diabetes Mellitus, Type 1": 1,
        "Caries, Dental": 1
      },
      "patent_trend": {},
      "market_potential": {}
    }
  },
  "report_links": {
    "pdf_report": "https://pharmamind.ai/reports/gg_report.pdf",
    "timestamp": "2025-10-29T07:29:25.977113"
  }
}